allele,n_peptides,n_unique_combos,top_combo,top_combo_ratio
SLA21104,1,1,AL,1.0
H2DK,2,1,RL,1.0
HLAC18010101,1,1,SL,1.0
HLAA0214,1,1,LV,1.0
HLAB51020101,1,1,AV,1.0
HLAA66030101,2,2,TL,0.5
HLAB15273,2,2,TL,0.5
HLAC15060101,5,4,AV,0.4
HLAA3003,3,3,AI,0.3333
SLA11301,6,5,TY,0.3333
SLA11402,3,3,FA,0.3333
HLAA01030101,13,7,SY,0.3077
PATRA0602,61,54,AG,0.0492
MAMUB029010101,64,58,GE,0.0469
SLA20502,47,43,EK,0.0426
MAMUB090010101,72,65,EQ,0.0417
PATRB0901,48,46,LI,0.0417
MAMUB022010101,74,61,QF,0.0405
BOLA601302,54,51,EK,0.037
BOLA102101,54,51,LD,0.037
H2LQ,58,55,FG,0.0345
SLA10401,147,122,TY,0.034
HLAB4202,59,56,GM,0.0339
HLAA681202,60,56,EA,0.0333
PATRA0301,184,138,TA,0.0326
MAMUA1007010101,163,128,GP,0.0307
PATRA0701,131,102,WF,0.0305
MAMUB01704,455,200,LY,0.0286
HLAE0101,141,116,YR,0.0284
H2LD,106,83,SM,0.0283
SLA10702,107,93,DE,0.028
PATRB1301,145,115,DI,0.0276
MAMUA101101,149,118,SM,0.0268
MAMUB01001,150,121,VI,0.0267
H2KK,150,123,AR,0.0267
PATRA0401,187,137,RR,0.0267
PATRB0101,228,143,TF,0.0263
HLAE0103,231,155,ML,0.026
HLAA0210,155,121,RE,0.0258
PATRB1701,117,105,SE,0.0256
MAMUB06601,118,100,TI,0.0254
MAMUA100201,323,179,TS,0.0248
MAMUA701030101,81,73,PA,0.0247
MAMUB08301,244,162,RR,0.0246
GOGOB0101,122,111,FD,0.0246
MAMUA700103,82,74,IC,0.0244
MAMUA1026010101,165,129,EE,0.0242
MAMUB00101,341,185,MA,0.0235
HLAB150901,385,226,RR,0.0234
HLAB81010101,215,162,SV,0.0233
HLAA0250,430,253,TY,0.0233
MAMUB01701,387,181,LY,0.0233
HLAA24070101,476,224,FF,0.0231
MAMUA201020101,87,80,VE,0.023
PATRB2401,131,111,CP,0.0229
BOLA300101,133,110,KE,0.0226
H2DD,266,167,QF,0.0226
MAMUB06502,136,117,DR,0.0221
SLA30401,137,113,SA,0.0219
HLAA0212,459,246,TY,0.0218
HLAB13010101,321,201,VG,0.0218
MAMUB03901,184,135,AA,0.0217
HLAB4104,370,205,PA,0.0216
MAMUA200102,93,84,SA,0.0215
EQCA1600101,141,115,DD,0.0213
SLA20401,144,121,PS,0.0208
DLA8850801,194,142,DS,0.0206
PATRA0901,148,125,VV,0.0203
MAMUB05201,296,187,QF,0.0203
PATRA0101,150,119,GD,0.02
MAMUB08701,153,125,RG,0.0196
HLAG01040101,360,213,SG,0.0194
HLAA0319,260,180,VF,0.0192
HLAB0802,315,192,RA,0.019
HLAA0219,428,240,HL,0.0187
HLAA6901,482,256,VR,0.0187
HLAG01030101,380,229,RE,0.0184
HLAB4013,327,194,PG,0.0183
MAMUA1001010101,330,186,TY,0.0182
HLAB44275,384,227,TL,0.0182
HLAA3215,330,213,SL,0.0182
HLAB1403,331,212,SP,0.0181
HLAA30040101,506,264,EI,0.0178
EQCA100101,226,160,GP,0.0177
HLAB2710,115,107,FA,0.0174
BOLA604101,116,99,KA,0.0172
HLAC04030101,351,221,PP,0.0171
HLAC14030101,412,233,SE,0.017
SLA10701,118,101,LA,0.0169
HLAA80010101,419,228,HL,0.0167
MAMUB00401,120,111,AI,0.0167
HLAB5702,242,171,PA,0.0165
HLAC120401,366,225,RS,0.0164
HLAB070401,426,228,PG,0.0164
HLAA3207,369,225,SN,0.0163
HLAC030201,368,213,PT,0.0163
HLAB410301,432,231,PS,0.0162
HLAA30020101,680,297,TY,0.0162
HLAB27050201,685,305,LP,0.0161
HLAB1542,435,237,LT,0.0161
HLAB15186,378,221,RR,0.0159
HLAB40060101,442,247,VL,0.0158
MAMUB00301,380,226,SF,0.0158
HLAA3301,696,300,VK,0.0158
HLAB0803,442,244,VR,0.0158
HLAB4105,383,214,TD,0.0157
HLAB41020101,446,241,VL,0.0157
HLAB53010101,448,253,TD,0.0156
HLAB55020101,386,225,PD,0.0155
HLAB15020101,585,275,PR,0.0154
HLAB39060101,654,300,VA,0.0153
HLAA34020101,391,214,LD,0.0153
BOLA301701,654,285,PI,0.0153
HLAA241302,396,227,RT,0.0152
HLAB4409,397,231,PD,0.0151
HLAB4408,397,240,LS,0.0151
HLAB2720,398,233,LG,0.0151
HLAB39090101,406,241,TP,0.0148
HLAB2708,472,264,PV,0.0148
HLAA66020101,415,231,VE,0.0145
HLAB15170102,418,229,TQ,0.0144
HLAA0211,490,258,RE,0.0143
HLAB52010101,561,263,TS,0.0143
HLAA2403,493,255,VY,0.0142
HLAB442801,351,217,PG,0.0142
HLAA74010101,425,234,GA,0.0141
HLAA0216,499,256,SY,0.014
HLAA2406,359,210,LD,0.0139
HLAB3507,359,214,VD,0.0139
HLAA0204,509,264,DQ,0.0138
HLAB27060101,509,258,SR,0.0138
HLAA36010101,362,216,RD,0.0138
HLAG01010101,364,220,TP,0.0137
HLAB54010101,437,242,TD,0.0137
BOLA204801,733,305,SI,0.0136
HLAB51080101,370,227,LA,0.0135
HLAC1502,600,287,PY,0.0133
HLAB400101,603,283,LL,0.0133
HLAB38020101,377,225,LD,0.0133
MAMUB00801,604,290,VN,0.0132
HLAA0207,612,283,VG,0.0131
HLAA32010101,612,285,VA,0.0131
HLAB35010102,687,294,IP,0.0131
HLAB58020102,382,227,VA,0.0131
HLAB270401,687,295,PS,0.0131
BOLA601301,692,304,DQ,0.013
HLAC07060101,617,290,TR,0.013
HLAB8301,544,287,PP,0.0129
HLAA2602,545,260,EF,0.0128
HLAA29020101,623,276,QI,0.0128
HLAC17010102,467,255,VE,0.0128
HLAC0501,703,307,ND,0.0128
HLAB2701,547,278,RD,0.0128
HLAC08030101,628,303,PP,0.0127
HLAA6601,394,229,VP,0.0127
HLAA34010101,395,223,SF,0.0127
HLAB35080101,708,306,SA,0.0127
HLAC06020101,710,307,DD,0.0127
HLAC1202,635,282,KK,0.0126
HLAB35020101,634,287,LK,0.0126
HLAB18030101,642,285,RG,0.0125
HLAB2709,641,303,RS,0.0125
HLAB27020101,640,284,LL,0.0125
HLAB15010101,641,294,LK,0.0125
HLAA1102,404,220,LA,0.0124
HLAB270701,482,271,TD,0.0124
H2DB,643,292,SV,0.0124
BOLA201601,651,303,VA,0.0123
HLAB57030102,569,289,VR,0.0123
HLAB7301,657,286,LR,0.0122
HLAA0203,658,302,WG,0.0122
BOLA101901,663,289,TA,0.0121
HLAA0202,581,282,LP,0.012
HLAB1518,675,301,TV,0.0119
HLAB47010102,588,290,TL,0.0119
HLAB2703,504,271,RD,0.0119
HLAB38010101,670,305,TA,0.0119
HLAB15135,672,293,VY,0.0119
BOLA201801,672,298,SR,0.0119
HLAB42010101,423,242,SA,0.0118
HLAB46010101,593,282,RP,0.0118
HLAB37010101,682,307,LK,0.0117
HLAA3101,685,302,KE,0.0117
HLAA29010101,597,282,VA,0.0117
HLAC1505,683,300,RP,0.0117
HLAB50010101,683,292,AF,0.0117
HLAC1203,684,292,GN,0.0117
HLAC1604,681,304,LA,0.0117
HLAA6823,344,209,VD,0.0116
HLAC08020101,691,294,KV,0.0116
BOLA300201,602,280,LA,0.0116
H2KD,691,318,YI,0.0116
HLAA0217,518,283,PA,0.0116
HLAB58010101,610,280,VA,0.0115
HLAA0201,698,302,RS,0.0115
H2DQ,697,297,KK,0.0115
BOLA604001,611,289,SV,0.0115
H2KB,615,300,KI,0.0114
HLAB4406,612,284,TA,0.0114
HLAA0220,613,290,EN,0.0114
HLAA0302,702,301,LR,0.0114
BOLA202501,616,277,LA,0.0114
HLAA2501,707,297,KV,0.0113
HLAC0701,709,310,PQ,0.0113
HLAC020201,621,284,NI,0.0113
HLAB670101,620,295,RR,0.0113
HLAC0210,710,295,PP,0.0113
BOLA200801,707,301,PD,0.0113
HLAB40020101,705,309,SS,0.0113
HLAA26030101,621,291,KE,0.0113
HLAA0205,714,313,ID,0.0112
HLAB4506,445,258,PD,0.0112
H2KQ,626,289,PG,0.0112
HLAC03040101,627,296,SL,0.0112
HLAB18010101,718,298,GT,0.0111
HLAB44030101,632,292,TE,0.0111
BOLA305001,630,298,AD,0.0111
HLAC16010101,636,295,VA,0.011
HLAB08010101,730,314,DD,0.011
HLAA3303,644,276,IE,0.0109
HLAB5101,648,305,RK,0.0108
BOLA301101,651,290,TG,0.0108
HLAA11010101,744,309,PA,0.0108
HLAA01010101,657,305,KD,0.0107
HLAA30010101,655,299,LP,0.0107
HLAA0206,656,296,ID,0.0107
HLAB15112,654,303,IT,0.0107
HLAB39240101,658,295,ED,0.0106
HLAC08010101,665,294,TK,0.0105
DLA8850101,665,297,TG,0.0105
HLAB45010101,666,299,RG,0.0105
HLAB48010101,665,288,LA,0.0105
HLAC0401,761,305,KD,0.0105
HLAB49010101,675,294,VA,0.0104
HLAC07040101,671,296,SA,0.0104
HLAA2301,672,287,TA,0.0104
HLAB07020101,676,304,ND,0.0104
HLAC03030101,671,298,TA,0.0104
DLA8803401,678,302,KK,0.0103
HLAB15100101,680,299,RA,0.0103
BOLA202601,681,311,QE,0.0103
HLAB55010101,677,298,TA,0.0103
HLAA68010101,688,305,IT,0.0102
BOLA601402,692,299,RD,0.0101
HLAC14020101,695,308,LE,0.0101
BOLA402401,698,306,VA,0.01
HLAB1503,702,308,QA,0.01
HLAA03010102,697,315,KV,0.01
BOLA102301,704,298,PR,0.0099
HLAC01020101,605,289,LI,0.0099
HLAB14020101,714,304,SL,0.0098
HLAB41010101,614,288,RA,0.0098
HLAB56010101,724,300,FE,0.0097
HLAA2601,725,310,LK,0.0097
BOLA100901,626,291,QE,0.0096
HLAB14010101,626,310,TG,0.0096
HLAA24020101,633,292,RA,0.0095
HLAB1302,637,294,NA,0.0094
HLAB35030101,651,298,RF,0.0092
BOLA302701,655,292,QG,0.0092
HLAA68020101,662,305,GE,0.0091
HLAB44020101,668,307,TD,0.009
HLAB57010101,695,298,KG,0.0086
HLAB39010101,710,312,FN,0.0085
HLAC0702,703,303,LK,0.0085
BOLA201201,714,313,TA,0.0084
